rank,situation_order,situation_name,field_zone_order,field_zone,situation_field_zone_context,avg_adjusted_score,max_adjusted_score,min_adjusted_score,avg_team_play_count,team_count,strong_sample_teams,good_or_better_teams
1,1,all_offense,2,own_territory,all_offense | own_territory,53.9844,83.0078,25.7812,455.1,32,32,32
2,1,all_offense,3,fringe,all_offense | fringe,53.9844,82.6172,30.0781,331.4,32,32,32
3,1,all_offense,4,red_zone,all_offense | red_zone,53.9844,82.0703,17.5,160.7,32,32,32
4,2,early_down,2,own_territory,early_down | own_territory,53.9844,84.9609,24.9805,357.4,32,32,32
5,2,early_down,3,fringe,early_down | fringe,53.9844,79.5703,23.7891,248.8,32,32,32
6,11,one_score,2,own_territory,one_score | own_territory,53.9844,81.7969,32.1094,305.0,32,32,32
7,11,one_score,3,fringe,one_score | fringe,53.9844,83.125,30.1172,217.5,32,32,32
8,12,neutral_early_down,2,own_territory,neutral_early_down | own_territory,53.9844,83.3984,31.8945,230.7,32,32,32
9,15,trailing,2,own_territory,trailing | own_territory,53.9844,78.5547,29.6875,225.4,32,32,32
10,12,neutral_early_down,3,fringe,neutral_early_down | fringe,53.794,80.625,29.1211,155.1,32,31,32
11,15,trailing,3,fringe,trailing | fringe,53.5144,82.0703,28.9844,160.2,32,30,32
12,22,trailing_early_down,2,own_territory,trailing_early_down | own_territory,53.4736,80.1172,28.0664,176.3,32,30,32
13,2,early_down,4,red_zone,early_down | red_zone,52.9806,78.4766,17.8559,116.4,32,26,32
14,18,trailing_one_score,2,own_territory,trailing_one_score | own_territory,52.8296,74.1406,28.5156,127.8,32,27,32
15,14,leading,2,own_territory,leading | own_territory,52.1421,87.8906,26.6406,143.3,32,26,30
16,11,one_score,4,red_zone,one_score | red_zone,52.0789,80.0,30.0,105.2,32,22,32
17,22,trailing_early_down,3,fringe,trailing_early_down | fringe,51.509,76.4789,33.2422,119.4,32,21,32
18,14,leading,3,fringe,leading | fringe,50.9241,74.4531,16.8721,109.7,32,21,30
19,21,leading_early_down,2,own_territory,leading_early_down | own_territory,50.6063,83.5156,24.3422,113.0,32,19,29
20,18,trailing_one_score,3,fringe,trailing_one_score | fringe,49.8325,71.6406,26.768,92.2,32,11,32
21,3,third_down,2,own_territory,third_down | own_territory,49.0886,70.9242,26.6797,90.6,32,8,32
22,16,leading_one_score,2,own_territory,leading_one_score | own_territory,49.0275,76.0922,27.8051,90.8,32,11,30
23,13,tied,2,own_territory,tied | own_territory,48.9468,69.7641,20.4047,86.4,32,7,32
24,15,trailing,4,red_zone,trailing | red_zone,48.174,67.0922,24.9047,77.2,32,4,31
25,6,red_zone,4,red_zone,red_zone | red_zone,47.9861,71.9086,20.6156,83.9,32,3,31
26,1,all_offense,1,backed_up,all_offense | backed_up,47.8376,77.9379,28.0336,78.2,32,1,32
27,3,third_down,3,fringe,third_down | fringe,47.6859,68.6742,27.7699,70.1,32,0,32
28,19,trailing_two_plus_scores,2,own_territory,trailing_two_plus_scores | own_territory,47.6075,72.8125,30.4688,97.7,32,13,25
29,21,leading_early_down,3,fringe,leading_early_down | fringe,47.3744,72.2656,15.3193,82.9,32,9,26
30,20,tied_early_down,2,own_territory,tied_early_down | own_territory,47.3204,69.6234,25.8363,68.1,32,1,30
31,2,early_down,1,backed_up,early_down | backed_up,46.8593,67.6723,23.8008,62.8,32,0,29
32,13,tied,3,fringe,tied | fringe,45.6243,66.6176,23.3754,61.6,32,0,25
33,16,leading_one_score,3,fringe,leading_one_score | fringe,45.2396,68.6039,15.9932,63.8,32,3,22
34,22,trailing_early_down,4,red_zone,trailing_early_down | red_zone,45.1412,69.7992,23.973,55.0,32,0,23
35,19,trailing_two_plus_scores,3,fringe,trailing_two_plus_scores | fringe,43.2244,70.6605,22.2328,68.0,32,6,20
36,11,one_score,1,backed_up,one_score | backed_up,43.1506,68.0238,22.79,52.8,32,0,17
37,9,two_minute_half,2,own_territory,two_minute_half | own_territory,42.805,66.0023,24.3428,48.8,32,0,15
38,17,leading_two_plus_scores,2,own_territory,leading_two_plus_scores | own_territory,42.0347,60.8661,23.1996,54.2,31,4,15
39,20,tied_early_down,3,fringe,tied_early_down | fringe,41.9795,59.2875,18.4887,46.5,32,0,13
40,17,leading_two_plus_scores,3,fringe,leading_two_plus_scores | fringe,41.8795,63.5335,15.6391,47.4,31,0,13
41,14,leading,4,red_zone,leading | red_zone,41.6429,70.8539,16.4043,52.7,32,1,19
42,9,two_minute_half,3,fringe,two_minute_half | fringe,40.7215,61.0957,22.6143,44.1,32,0,8
43,7,goal_to_go,4,red_zone,goal_to_go | red_zone,40.6577,64.0512,17.3262,41.8,32,0,6
44,18,trailing_one_score,4,red_zone,trailing_one_score | red_zone,40.6406,52.6289,28.2979,43.8,32,0,7
45,12,neutral_early_down,1,backed_up,neutral_early_down | backed_up,40.2041,63.8789,21.7793,41.3,32,0,6
46,3,third_down,4,red_zone,third_down | red_zone,38.8008,59.543,20.0215,36.8,32,0,0
47,5,short_yardage,2,own_territory,short_yardage | own_territory,38.8008,55.251,17.3994,33.7,32,0,0
48,5,short_yardage,4,red_zone,short_yardage | red_zone,38.7382,52.2914,21.4336,32.0,32,0,1
49,21,leading_early_down,4,red_zone,leading_early_down | red_zone,38.4278,69.307,14.9004,38.6,32,0,11
50,5,short_yardage,3,fringe,short_yardage | fringe,38.3014,54.9434,21.0469,33.0,32,0,0
51,13,tied,4,red_zone,tied | red_zone,37.638,54.2953,19.9395,30.7,32,0,1
52,15,trailing,1,backed_up,trailing | backed_up,37.5532,52.2773,26.5254,32.6,32,0,2
53,19,trailing_two_plus_scores,4,red_zone,trailing_two_plus_scores | red_zone,36.9156,62.4287,14.7148,33.4,32,0,5
54,16,leading_one_score,4,red_zone,leading_one_score | red_zone,36.4667,55.1631,19.0996,30.6,32,0,3
55,14,leading,1,backed_up,leading | backed_up,36.1751,57.8291,15.9551,30.8,32,0,1
56,20,tied_early_down,4,red_zone,tied_early_down | red_zone,35.4566,50.1387,15.1934,22.8,32,0,0
57,22,trailing_early_down,1,backed_up,trailing_early_down | backed_up,35.0309,49.6699,11.8242,26.0,32,0,1
58,21,leading_early_down,1,backed_up,leading_early_down | backed_up,34.2663,52.6289,17.3516,24.9,32,0,0
59,17,leading_two_plus_scores,4,red_zone,leading_two_plus_scores | red_zone,33.2556,54.1161,13.4617,22.8,31,0,2
60,9,two_minute_half,4,red_zone,two_minute_half | red_zone,32.4874,55.998,14.1875,20.3,32,0,0
61,10,two_minute_game,2,own_territory,two_minute_game | own_territory,31.3849,48.2051,15.0117,17.7,32,0,0
62,8,goal_line,4,red_zone,goal_line | red_zone,30.3193,49.1719,14.793,17.7,32,0,0
63,16,leading_one_score,1,backed_up,leading_one_score | backed_up,30.0857,46.1836,15.9062,19.3,32,0,0
64,18,trailing_one_score,1,backed_up,trailing_one_score | backed_up,29.9318,52.5703,11.5996,18.7,32,0,0
65,10,two_minute_game,3,fringe,two_minute_game | fringe,29.3593,52.3213,13.0342,17.8,32,0,0
66,19,trailing_two_plus_scores,1,backed_up,trailing_two_plus_scores | backed_up,28.2273,41.1653,13.0685,14.4,31,0,0
67,13,tied,1,backed_up,tied | backed_up,27.363,45.2754,15.1445,14.8,32,0,0
68,4,fourth_down,1,backed_up,fourth_down | backed_up,27.1389,37.4861,22.4514,1.3,9,0,0
69,3,third_down,1,backed_up,third_down | backed_up,26.8817,38.7969,16.6973,15.1,32,0,0
70,17,leading_two_plus_scores,1,backed_up,leading_two_plus_scores | backed_up,26.8433,39.0259,14.0474,12.8,29,0,0
71,4,fourth_down,3,fringe,fourth_down | fringe,26.4457,51.3838,11.5508,12.5,32,0,0
72,20,tied_early_down,1,backed_up,tied_early_down | backed_up,26.0211,40.1191,13.9238,11.8,32,0,0
73,10,two_minute_game,4,red_zone,two_minute_game | red_zone,25.5457,39.994,14.6815,7.4,31,0,0
74,10,two_minute_game,1,backed_up,two_minute_game | backed_up,25.3482,34.0424,17.8371,3.5,28,0,0
75,4,fourth_down,2,own_territory,fourth_down | own_territory,25.2661,41.1935,11.9093,7.4,31,0,0
76,5,short_yardage,1,backed_up,short_yardage | backed_up,25.2661,36.7278,14.5302,3.3,31,0,0
77,9,two_minute_half,1,backed_up,two_minute_half | backed_up,25.2661,34.1069,12.8468,7.2,31,0,0
78,4,fourth_down,4,red_zone,fourth_down | red_zone,25.2422,35.3887,16.082,7.5,32,0,0
