team,team_rank_within_top_signals,situation_name,team_play_count,coach_dna_score_adjusted,tendency_signal_score,efficiency_signal_score,explosiveness_signal_score,stability_signal_score,dropback_rate_delta,rush_rate_delta,shotgun_rate_delta,no_huddle_rate_delta,avg_epa_delta,success_rate_delta,explosive_play_rate_delta,tendency_profile_label,formation_profile_label,tempo_profile_label,efficiency_profile_label
ARI,1,two_minute_half,128,62.40234375,57.8125,57.421875,79.16666666666667,51.5625,0.08540000000000003,-0.0854,0.051899999999999946,0.008500000000000008,0.0206,0.00660000000000005,0.044800000000000006,more_dropback_heavy_than_baseline,more_shotgun_than_baseline,close_to_baseline_tempo,close_to_baseline_efficiency
ARI,2,red_zone,165,61.2890625,78.125,38.28125,66.66666666666667,15.625,0.18799999999999994,-0.188,0.1411,0.032799999999999996,-0.08020000000000001,-0.034499999999999975,0.0215,more_dropback_heavy_than_baseline,more_shotgun_than_baseline,faster_than_baseline,less_efficient_than_baseline
ARI,3,trailing_two_plus_scores,355,59.3359375,54.6875,60.15625,53.125,67.1875,0.05819999999999992,-0.05820000000000003,0.033399999999999985,0.0683,0.0755,0.021100000000000008,0.00940000000000002,more_dropback_heavy_than_baseline,close_to_baseline_shotgun_usage,faster_than_baseline,more_efficient_than_baseline
ATL,1,two_minute_half,131,71.9140625,66.40625,65.625,76.04166666666667,92.1875,-0.08599999999999997,0.08600000000000002,0.01529999999999998,-0.07179999999999999,0.046599999999999996,0.01200000000000001,0.02560000000000001,more_run_heavy_than_baseline,close_to_baseline_shotgun_usage,slower_than_baseline,more_efficient_than_baseline
ATL,2,trailing_one_score,255,69.1796875,64.0625,78.90625,55.208333333333336,73.4375,0.04239999999999999,-0.04239999999999999,0.17389999999999994,-0.010700000000000001,0.1234,0.05479999999999996,0.011300000000000004,close_to_baseline_run_pass_split,more_shotgun_than_baseline,close_to_baseline_tempo,more_efficient_than_baseline
ATL,3,goal_to_go,60,66.24843750000001,65.625,81.25,73.95833333333333,86.71875,-0.07569999999999999,0.07569999999999999,0.239,0.047200000000000006,0.3654,0.028700000000000003,0.0093,more_run_heavy_than_baseline,more_shotgun_than_baseline,faster_than_baseline,more_efficient_than_baseline
BAL,1,tied,183,71.62109375,78.90625,67.578125,52.083333333333336,64.0625,-0.09860000000000002,0.09860000000000002,-0.0937,-0.06609999999999999,0.0633,0.04849999999999999,-0.0050000000000000044,more_run_heavy_than_baseline,less_shotgun_than_baseline,slower_than_baseline,more_efficient_than_baseline
BAL,2,early_down,728,71.6015625,79.6875,66.40625,80.20833333333333,21.09375,-0.10149999999999998,0.10149999999999998,-0.05159999999999998,-0.0811,0.037200000000000004,0.012500000000000011,0.026900000000000007,more_run_heavy_than_baseline,less_shotgun_than_baseline,slower_than_baseline,more_efficient_than_baseline
BAL,3,all_offense,954,71.38671875,79.6875,68.359375,76.04166666666667,20.3125,-0.08729999999999999,0.08729999999999993,-0.04679999999999995,-0.07450000000000001,0.0393,0.01100000000000001,0.020199999999999996,more_run_heavy_than_baseline,close_to_baseline_shotgun_usage,slower_than_baseline,more_efficient_than_baseline
BUF,1,all_offense,1056,84.296875,82.03125,94.53125,91.66666666666667,50.0,-0.06799999999999995,0.068,-0.19479999999999997,-0.042300000000000004,0.14639999999999997,0.053200000000000025,0.02629999999999999,more_run_heavy_than_baseline,less_shotgun_than_baseline,slower_than_baseline,more_efficient_than_baseline
BUF,2,early_down,819,82.03125,80.46875,89.84375,84.89583333333333,56.25,-0.06789999999999996,0.06790000000000002,-0.21379999999999993,-0.0451,0.1182,0.05209999999999998,0.023999999999999994,more_run_heavy_than_baseline,less_shotgun_than_baseline,slower_than_baseline,more_efficient_than_baseline
BUF,3,trailing_two_plus_scores,234,81.9140625,81.25,86.71875,77.08333333333333,71.09375,-0.0958,0.0958,-0.19079999999999997,-0.07549999999999998,0.2178,0.0676,0.0252,more_run_heavy_than_baseline,less_shotgun_than_baseline,slower_than_baseline,more_efficient_than_baseline
CAR,1,leading_one_score,121,59.921875,83.59375,17.96875,26.041666666666668,89.0625,-0.1291,0.1291,-0.12519999999999998,-0.050199999999999995,-0.1284,-0.03939999999999999,-0.02729999999999999,more_run_heavy_than_baseline,less_shotgun_than_baseline,slower_than_baseline,less_efficient_than_baseline
CAR,2,leading_early_down,124,58.046875,86.71875,16.40625,6.25,89.84375,-0.13229999999999997,0.13229999999999997,-0.15610000000000002,-0.0548,-0.1209,-0.03639999999999999,-0.060600000000000015,more_run_heavy_than_baseline,less_shotgun_than_baseline,slower_than_baseline,less_efficient_than_baseline
CAR,3,leading,169,55.0,84.375,14.0625,11.458333333333334,67.96875,-0.10160000000000002,0.10160000000000002,-0.11509999999999998,-0.0509,-0.143,-0.04820000000000002,-0.04689999999999998,more_run_heavy_than_baseline,less_shotgun_than_baseline,slower_than_baseline,less_efficient_than_baseline
CHI,1,trailing,517,78.75,70.3125,85.9375,80.20833333333333,85.9375,-0.03710000000000002,0.03710000000000002,-0.16470000000000007,-0.0679,0.1898,0.05879999999999996,0.02310000000000001,close_to_baseline_run_pass_split,less_shotgun_than_baseline,slower_than_baseline,more_efficient_than_baseline
CHI,2,third_down,228,78.3203125,85.9375,80.46875,40.625,84.375,-0.07399999999999995,0.07400000000000001,-0.08389999999999997,-0.06559999999999999,0.1333,0.0363,-0.01319999999999999,more_run_heavy_than_baseline,less_shotgun_than_baseline,slower_than_baseline,more_efficient_than_baseline
CHI,3,all_offense,1090,73.75,66.40625,71.09375,81.25,89.0625,-0.026900000000000035,0.02689999999999998,-0.17559999999999998,-0.054400000000000004,0.085,0.023299999999999987,0.018600000000000005,close_to_baseline_run_pass_split,less_shotgun_than_baseline,slower_than_baseline,more_efficient_than_baseline
CIN,1,red_zone,146,82.0703125,82.03125,90.625,73.4375,64.84375,0.0998,-0.0998,0.16989999999999994,-0.0603,0.0759,0.043399999999999994,0.0104,more_dropback_heavy_than_baseline,more_shotgun_than_baseline,slower_than_baseline,more_efficient_than_baseline
CIN,2,leading,289,80.859375,82.8125,89.0625,69.27083333333333,59.375,0.056599999999999984,-0.056599999999999984,0.11159999999999992,-0.061799999999999994,0.07999999999999999,0.06790000000000002,0.009600000000000025,more_dropback_heavy_than_baseline,more_shotgun_than_baseline,slower_than_baseline,more_efficient_than_baseline
CIN,3,leading_one_score,207,76.0546875,78.90625,87.5,60.416666666666664,46.09375,0.06489999999999996,-0.06489999999999996,0.10089999999999999,-0.0702,0.06,0.09879999999999994,0.010200000000000015,more_dropback_heavy_than_baseline,more_shotgun_than_baseline,slower_than_baseline,more_efficient_than_baseline
CLE,1,short_yardage,86,49.12734375,69.140625,50.390625,23.4375,33.59375,-0.1383,0.13829999999999998,-0.12520000000000003,0.021799999999999986,0.02220000000000001,0.03180000000000005,-0.0441,more_run_heavy_than_baseline,less_shotgun_than_baseline,faster_than_baseline,close_to_baseline_efficiency
CLE,2,two_minute_half,124,42.5,56.25,9.375,27.083333333333332,57.8125,0.0796,-0.0796,0.025399999999999978,-0.05049999999999999,-0.09230000000000001,-0.10049999999999998,-0.022299999999999986,more_dropback_heavy_than_baseline,close_to_baseline_shotgun_usage,slower_than_baseline,less_efficient_than_baseline
CLE,3,trailing_one_score,305,39.84375,46.875,12.5,30.208333333333332,60.9375,-0.02629999999999999,0.02629999999999999,-0.05400000000000005,-0.0359,-0.1082,-0.059,-0.012499999999999997,close_to_baseline_run_pass_split,less_shotgun_than_baseline,slower_than_baseline,less_efficient_than_baseline
DAL,1,short_yardage,115,71.09375,59.375,90.625,64.58333333333333,70.3125,0.07849999999999996,-0.07850000000000001,-0.06259999999999999,-0.05990000000000001,0.2796,0.03870000000000007,0.022400000000000003,more_dropback_heavy_than_baseline,less_shotgun_than_baseline,slower_than_baseline,more_efficient_than_baseline
DAL,2,two_minute_half,118,70.15625,46.875,100.0,98.95833333333333,42.1875,-0.040000000000000036,0.03999999999999998,-0.07269999999999999,0.04000000000000001,0.3652,0.11930000000000002,0.08480000000000001,close_to_baseline_run_pass_split,less_shotgun_than_baseline,faster_than_baseline,more_efficient_than_baseline
DAL,3,tied_early_down,162,67.890625,62.5,79.6875,64.58333333333333,51.5625,-0.0539,0.05389999999999995,-0.1306,-0.040900000000000006,0.059199999999999996,0.05199999999999999,0.0010999999999999899,more_run_heavy_than_baseline,less_shotgun_than_baseline,slower_than_baseline,more_efficient_than_baseline
DEN,1,third_down,232,73.14453125,74.21875,66.796875,70.3125,75.0,0.04800000000000004,-0.04799999999999999,-0.03320000000000001,0.0892,0.0983,0.024099999999999955,0.019100000000000006,close_to_baseline_run_pass_split,close_to_baseline_shotgun_usage,faster_than_baseline,more_efficient_than_baseline
DEN,2,trailing_one_score,306,68.8671875,50.78125,82.8125,70.83333333333333,96.875,0.04369999999999996,-0.04370000000000002,-0.007099999999999995,0.042300000000000004,0.2333,0.018199999999999994,0.029599999999999987,close_to_baseline_run_pass_split,close_to_baseline_shotgun_usage,faster_than_baseline,more_efficient_than_baseline
DEN,3,trailing,422,61.328125,35.9375,81.25,66.66666666666667,98.4375,0.02079999999999993,-0.020799999999999985,-0.01860000000000006,0.029200000000000004,0.211,0.020899999999999974,0.020100000000000007,close_to_baseline_run_pass_split,close_to_baseline_shotgun_usage,faster_than_baseline,more_efficient_than_baseline
DET,1,two_minute_half,113,78.9453125,75.0,91.40625,54.166666666666664,92.1875,0.09699999999999998,-0.097,-0.08130000000000004,-0.048399999999999985,0.27740000000000004,0.054800000000000015,0.014500000000000013,more_dropback_heavy_than_baseline,less_shotgun_than_baseline,slower_than_baseline,more_efficient_than_baseline
DET,2,trailing_two_plus_scores,225,74.2578125,67.1875,80.46875,80.20833333333333,68.75,0.0474,-0.0474,-0.13539999999999996,-0.07979999999999998,0.1803,0.03870000000000001,0.04920000000000002,close_to_baseline_run_pass_split,less_shotgun_than_baseline,slower_than_baseline,more_efficient_than_baseline
DET,3,tied,204,69.84375,60.15625,96.09375,60.416666666666664,46.875,-0.027700000000000058,0.027700000000000002,-0.2606,-0.0324,0.1681,0.06159999999999999,0.0016999999999999793,close_to_baseline_run_pass_split,less_shotgun_than_baseline,slower_than_baseline,more_efficient_than_baseline
GB,1,third_down,206,83.2421875,72.65625,92.1875,95.83333333333333,81.25,-0.06489999999999996,0.06490000000000001,-0.07489999999999997,0.03870000000000001,0.2914,0.08550000000000002,0.0683,more_run_heavy_than_baseline,less_shotgun_than_baseline,faster_than_baseline,more_efficient_than_baseline
GB,2,trailing,383,73.37890625,59.375,84.765625,82.29166666666667,81.25,-0.06169999999999998,0.06170000000000003,-0.0615,-0.016100000000000003,0.1656,0.057099999999999984,0.02510000000000001,more_run_heavy_than_baseline,less_shotgun_than_baseline,close_to_baseline_tempo,more_efficient_than_baseline
GB,3,trailing_early_down,295,72.6171875,66.40625,79.6875,70.83333333333333,71.875,-0.0645,0.0645,-0.08309999999999995,-0.048299999999999996,0.1023,0.05009999999999998,0.01849999999999999,more_run_heavy_than_baseline,less_shotgun_than_baseline,slower_than_baseline,more_efficient_than_baseline
HOU,1,trailing_two_plus_scores,107,70.9375,75.78125,49.21875,72.91666666666667,85.9375,0.0986999999999999,-0.09870000000000001,-0.07799999999999996,-0.09739999999999999,0.0429,0.016199999999999992,0.020900000000000002,more_dropback_heavy_than_baseline,less_shotgun_than_baseline,slower_than_baseline,more_efficient_than_baseline
HOU,2,leading_two_plus_scores,194,61.53225806451612,58.064516129032256,66.12903225806451,53.76344086021505,58.064516129032256,0.07980000000000004,-0.07979999999999998,0.0041999999999999815,-0.048299999999999996,0.0558,0.02290000000000003,-0.003500000000000003,more_dropback_heavy_than_baseline,close_to_baseline_shotgun_usage,slower_than_baseline,more_efficient_than_baseline
HOU,3,two_minute_half,125,59.0625,64.84375,27.34375,81.25,58.59375,-0.04690000000000005,0.0469,-0.07779999999999998,-0.09939999999999999,-0.0018000000000000004,-0.047099999999999975,0.04090000000000002,close_to_baseline_run_pass_split,less_shotgun_than_baseline,slower_than_baseline,close_to_baseline_efficiency
IND,1,leading_two_plus_scores,182,74.55645161290322,54.838709677419345,97.58064516129032,79.56989247311829,85.48387096774192,0.07670000000000005,-0.07669999999999993,0.06010000000000004,-0.0201,0.26539999999999997,0.06340000000000001,0.032799999999999996,more_dropback_heavy_than_baseline,more_shotgun_than_baseline,slower_than_baseline,more_efficient_than_baseline
IND,2,leading,399,74.296875,61.71875,86.71875,75.0,85.9375,0.04490000000000005,-0.044899999999999995,0.07350000000000001,-0.0436,0.1681,0.031700000000000006,0.019700000000000023,close_to_baseline_run_pass_split,more_shotgun_than_baseline,slower_than_baseline,more_efficient_than_baseline
IND,3,leading_early_down,307,71.875,67.96875,74.21875,76.04166666666667,63.28125,0.07440000000000002,-0.07440000000000002,0.10529999999999995,-0.041600000000000005,0.1013,0.022799999999999987,0.029699999999999976,more_dropback_heavy_than_baseline,more_shotgun_than_baseline,slower_than_baseline,more_efficient_than_baseline
JAX,1,two_minute_half,112,69.453125,69.53125,74.21875,67.1875,45.3125,-0.05630000000000002,0.05630000000000002,-0.12780000000000002,-0.0652,-0.016399999999999998,0.07690000000000002,0.01580000000000001,more_run_heavy_than_baseline,less_shotgun_than_baseline,slower_than_baseline,close_to_baseline_efficiency
JAX,2,red_zone,203,64.375,64.0625,68.75,46.875,63.28125,-0.059599999999999986,0.059599999999999986,-0.07269999999999999,-0.0699,-0.0179,0.040700000000000014,-0.006900000000000003,more_run_heavy_than_baseline,less_shotgun_than_baseline,slower_than_baseline,close_to_baseline_efficiency
JAX,3,trailing_early_down,242,62.65625,43.75,84.375,88.54166666666667,35.9375,0.029900000000000038,-0.029900000000000038,-0.06630000000000003,0.011200000000000015,0.0902,0.04959999999999998,0.03459999999999999,close_to_baseline_run_pass_split,less_shotgun_than_baseline,close_to_baseline_tempo,more_efficient_than_baseline
KC,1,leading_one_score,143,73.4375,78.125,90.625,43.75,40.625,0.10929999999999995,-0.10930000000000001,0.07889999999999997,-0.061,0.1476,0.07569999999999993,-0.001799999999999996,more_dropback_heavy_than_baseline,more_shotgun_than_baseline,slower_than_baseline,more_efficient_than_baseline
KC,2,leading_early_down,214,73.06640625,82.03125,77.734375,57.291666666666664,31.25,0.0766,-0.0766,0.14880000000000004,-0.056900000000000006,0.0742,0.043800000000000006,0.0022999999999999965,more_dropback_heavy_than_baseline,more_shotgun_than_baseline,slower_than_baseline,more_efficient_than_baseline
KC,3,leading,272,71.796875,76.5625,87.5,41.666666666666664,42.1875,0.04749999999999999,-0.04749999999999999,0.12159999999999993,-0.0577,0.1179,0.05099999999999999,-0.0069999999999999785,close_to_baseline_run_pass_split,more_shotgun_than_baseline,slower_than_baseline,more_efficient_than_baseline
LA,1,neutral_early_down,448,83.984375,74.21875,97.65625,92.70833333333333,72.65625,0.07669999999999999,-0.07669999999999999,-0.30229999999999996,-0.007400000000000004,0.1795,0.09880000000000005,0.06549999999999997,more_dropback_heavy_than_baseline,less_shotgun_than_baseline,close_to_baseline_tempo,more_efficient_than_baseline
LA,2,one_score,739,82.734375,71.875,100.0,85.41666666666667,75.78125,0.05750000000000011,-0.057499999999999996,-0.27179999999999993,-0.014600000000000002,0.1505,0.08949999999999997,0.031899999999999984,more_dropback_heavy_than_baseline,less_shotgun_than_baseline,close_to_baseline_tempo,more_efficient_than_baseline
LA,3,short_yardage,129,81.875,73.4375,89.0625,84.375,89.0625,0.07100000000000001,-0.07099999999999995,-0.2066,-0.06340000000000001,0.2021,0.0706,0.0334,more_dropback_heavy_than_baseline,less_shotgun_than_baseline,slower_than_baseline,more_efficient_than_baseline
LAC,1,third_down,250,56.4453125,50.78125,68.75,58.333333333333336,26.5625,-0.033399999999999985,0.033399999999999985,-0.011299999999999977,-0.0595,0.0721,0.05179999999999996,0.003599999999999992,close_to_baseline_run_pass_split,close_to_baseline_shotgun_usage,slower_than_baseline,more_efficient_than_baseline
LAC,2,short_yardage,109,56.4453125,61.71875,31.25,53.125,78.90625,-0.07240000000000002,0.07240000000000002,0.018299999999999983,-0.0908,0.024000000000000007,-0.03649999999999998,-0.007999999999999993,more_run_heavy_than_baseline,close_to_baseline_shotgun_usage,slower_than_baseline,close_to_baseline_efficiency
LAC,3,two_minute_half,125,55.76171875,38.28125,75.390625,55.208333333333336,64.0625,-0.05489999999999995,0.054900000000000004,-0.013800000000000034,-0.02739999999999998,0.15739999999999998,0.03290000000000004,0.008900000000000019,more_run_heavy_than_baseline,close_to_baseline_shotgun_usage,slower_than_baseline,more_efficient_than_baseline
LV,1,trailing_one_score,271,52.6171875,64.0625,36.71875,31.770833333333332,48.4375,-0.04700000000000004,0.046999999999999986,-0.0927,-0.038400000000000004,-0.0354,-0.018600000000000005,-0.015700000000000006,close_to_baseline_run_pass_split,less_shotgun_than_baseline,slower_than_baseline,less_efficient_than_baseline
LV,2,red_zone,114,44.53125,66.40625,14.84375,30.208333333333332,14.0625,0.09360000000000002,-0.09359999999999996,0.06919999999999993,-0.0506,-0.15259999999999999,-0.08029999999999998,-0.016100000000000003,more_dropback_heavy_than_baseline,more_shotgun_than_baseline,slower_than_baseline,less_efficient_than_baseline
LV,3,goal_to_go,40,42.43359375,82.8125,20.3125,39.0625,56.25,0.1743,-0.1743,0.11399999999999999,-0.061099999999999995,-0.1001,-0.11299999999999999,-0.0074,more_dropback_heavy_than_baseline,more_shotgun_than_baseline,slower_than_baseline,less_efficient_than_baseline
MIA,1,neutral_early_down,334,72.4609375,60.15625,79.6875,91.66666666666667,67.1875,-0.051399999999999946,0.05140000000000006,0.02749999999999997,-0.05260000000000001,0.0837,0.013000000000000012,0.04429999999999998,more_run_heavy_than_baseline,close_to_baseline_shotgun_usage,slower_than_baseline,more_efficient_than_baseline
MIA,2,tied_early_down,126,68.22265625,67.578125,59.375,72.91666666666667,70.3125,-0.08560000000000001,0.08560000000000001,0.029000000000000026,-0.0718,0.07440000000000001,0.002599999999999991,0.05399999999999999,more_run_heavy_than_baseline,close_to_baseline_shotgun_usage,slower_than_baseline,more_efficient_than_baseline
MIA,3,tied,162,66.8359375,70.703125,55.078125,78.125,45.3125,-0.1078,0.1078,0.011500000000000066,-0.0716,0.043399999999999994,0.0010999999999999899,0.0421,more_run_heavy_than_baseline,close_to_baseline_shotgun_usage,slower_than_baseline,more_efficient_than_baseline
MIN,1,red_zone,146,59.6875,63.28125,42.96875,84.89583333333333,27.34375,0.0998,-0.0998,-0.10410000000000008,-0.019199999999999995,-0.0849,-0.004599999999999993,0.024100000000000003,more_dropback_heavy_than_baseline,less_shotgun_than_baseline,close_to_baseline_tempo,less_efficient_than_baseline
MIN,2,leading_early_down,223,59.23828125,70.3125,48.828125,56.25,19.53125,-0.04319999999999996,0.043200000000000016,-0.19880000000000003,-0.044000000000000004,-0.0264,0.016000000000000014,0.0058,close_to_baseline_run_pass_split,less_shotgun_than_baseline,slower_than_baseline,close_to_baseline_efficiency
MIN,3,leading,289,58.9453125,71.09375,48.4375,55.208333333333336,15.625,-0.03689999999999999,0.036900000000000044,-0.1652,-0.0445,-0.0552,0.005599999999999994,0.002700000000000008,close_to_baseline_run_pass_split,less_shotgun_than_baseline,slower_than_baseline,less_efficient_than_baseline
NE,1,two_minute_half,130,79.9609375,80.46875,81.25,88.54166666666667,51.5625,-0.08109999999999995,0.0811,-0.1624,-0.0711,0.1772,0.10770000000000007,0.04980000000000001,more_run_heavy_than_baseline,less_shotgun_than_baseline,slower_than_baseline,more_efficient_than_baseline
NE,2,all_offense,1014,79.39453125,74.21875,93.359375,89.58333333333333,42.1875,-0.031299999999999994,0.031299999999999994,-0.14639999999999997,-0.08020000000000001,0.16199999999999998,0.04870000000000002,0.02990000000000001,close_to_baseline_run_pass_split,less_shotgun_than_baseline,slower_than_baseline,more_efficient_than_baseline
NE,3,early_down,794,78.5546875,71.875,96.09375,85.41666666666667,43.75,-0.03469999999999995,0.03470000000000001,-0.16629999999999995,-0.0796,0.13069999999999998,0.04470000000000002,0.02510000000000001,close_to_baseline_run_pass_split,less_shotgun_than_baseline,slower_than_baseline,more_efficient_than_baseline
NO,1,two_minute_game,59,68.42812500000001,89.0625,81.25,57.8125,29.6875,0.21650000000000003,-0.21649999999999997,0.14879999999999993,0.1494,0.0987,0.13119999999999998,0.0257,more_dropback_heavy_than_baseline,more_shotgun_than_baseline,faster_than_baseline,more_efficient_than_baseline
NO,2,two_minute_half,138,66.71875,82.8125,53.125,48.958333333333336,38.28125,0.09119999999999995,-0.0912,0.08599999999999997,0.0685,-0.0517,0.05520000000000003,0.010599999999999998,more_dropback_heavy_than_baseline,more_shotgun_than_baseline,faster_than_baseline,less_efficient_than_baseline
NO,3,leading_one_score,80,59.95546875,75.0,46.09375,57.8125,86.71875,0.09089999999999998,-0.09089999999999998,0.06259999999999999,0.1125,0.0819,-0.02779999999999999,0.015300000000000008,more_dropback_heavy_than_baseline,more_shotgun_than_baseline,faster_than_baseline,more_efficient_than_baseline
NYG,1,short_yardage,100,72.8125,63.28125,91.40625,65.10416666666667,67.1875,-0.08760000000000001,0.08760000000000001,0.07779999999999998,0.05579999999999999,0.26940000000000003,0.08390000000000009,0.009400000000000006,more_run_heavy_than_baseline,more_shotgun_than_baseline,faster_than_baseline,more_efficient_than_baseline
NYG,2,tied,150,70.9375,76.5625,53.125,81.25,60.15625,0.041100000000000025,-0.04109999999999997,0.11919999999999997,0.20840000000000003,0.036899999999999995,-0.023300000000000043,0.02259999999999998,close_to_baseline_run_pass_split,more_shotgun_than_baseline,faster_than_baseline,more_efficient_than_baseline
NYG,3,tied_early_down,119,64.9609375,69.53125,64.0625,57.291666666666664,40.625,0.039499999999999924,-0.039500000000000035,0.15039999999999998,0.24749999999999997,0.0263,-0.021600000000000008,-0.0024000000000000132,close_to_baseline_run_pass_split,more_shotgun_than_baseline,faster_than_baseline,close_to_baseline_efficiency
NYJ,1,short_yardage,90,51.02578125,56.25,66.40625,47.395833333333336,36.71875,-0.05870000000000003,0.058699999999999974,0.07889999999999997,0.0691,0.0969,0.0706,-0.012800000000000006,more_run_heavy_than_baseline,more_shotgun_than_baseline,faster_than_baseline,more_efficient_than_baseline
NYJ,2,tied,185,50.3515625,64.0625,11.71875,28.125,93.75,-0.1144,0.11440000000000006,-0.0025999999999999357,-0.0446,-0.0966,-0.08650000000000002,-0.04420000000000002,more_run_heavy_than_baseline,close_to_baseline_shotgun_usage,slower_than_baseline,less_efficient_than_baseline
NYJ,3,tied_early_down,138,47.6171875,65.625,10.15625,15.625,82.03125,-0.1215,0.12149999999999994,-0.033399999999999985,-0.0356,-0.1096,-0.10850000000000004,-0.05600000000000001,more_run_heavy_than_baseline,close_to_baseline_shotgun_usage,slower_than_baseline,less_efficient_than_baseline
PHI,1,trailing_two_plus_scores,64,72.71718750000001,85.9375,90.625,67.70833333333333,53.125,0.0885999999999999,-0.08860000000000001,0.13990000000000002,0.231,0.1684,0.08319999999999994,0.05890000000000001,more_dropback_heavy_than_baseline,more_shotgun_than_baseline,faster_than_baseline,more_efficient_than_baseline
PHI,2,red_zone,151,70.64453125,68.75,81.640625,58.854166666666664,54.6875,-0.0923,0.09230000000000005,0.029799999999999938,0.09090000000000001,0.11249999999999999,0.04780000000000001,0.001799999999999996,more_run_heavy_than_baseline,close_to_baseline_shotgun_usage,faster_than_baseline,more_efficient_than_baseline
PHI,3,all_offense,992,65.7421875,71.09375,48.4375,59.375,77.34375,-0.03939999999999999,0.03939999999999999,0.08050000000000002,0.0896,0.0322,-0.0030000000000000027,0.0022999999999999965,close_to_baseline_run_pass_split,more_shotgun_than_baseline,faster_than_baseline,more_efficient_than_baseline
PIT,1,leading_early_down,295,58.61328125,48.4375,72.265625,50.0,62.5,0.05830000000000002,-0.05830000000000002,-0.02970000000000006,0.023999999999999994,0.0742,0.051100000000000034,-0.0010000000000000009,more_dropback_heavy_than_baseline,close_to_baseline_shotgun_usage,faster_than_baseline,more_efficient_than_baseline
PIT,2,third_down,208,57.75390625,50.0,69.140625,40.625,68.75,0.039100000000000024,-0.039099999999999996,0.03259999999999996,0.01830000000000001,0.1136,0.003699999999999981,-0.010599999999999998,close_to_baseline_run_pass_split,close_to_baseline_shotgun_usage,close_to_baseline_tempo,more_efficient_than_baseline
PIT,3,leading,381,55.87890625,47.265625,60.9375,49.479166666666664,69.53125,0.0524,-0.0524,-0.008500000000000063,0.0232,0.06889999999999999,0.032399999999999984,-0.001799999999999996,more_dropback_heavy_than_baseline,close_to_baseline_shotgun_usage,faster_than_baseline,more_efficient_than_baseline
SEA,1,trailing_one_score,219,76.953125,71.09375,83.59375,90.625,54.6875,-0.05800000000000005,0.057999999999999996,-0.23230000000000006,0.004799999999999999,0.148,0.09949999999999992,0.044300000000000006,more_run_heavy_than_baseline,less_shotgun_than_baseline,close_to_baseline_tempo,more_efficient_than_baseline
SEA,2,trailing_early_down,227,76.484375,61.71875,92.96875,87.5,73.4375,-0.04799999999999993,0.04799999999999999,-0.24419999999999997,0.004200000000000009,0.2163,0.10390000000000005,0.0411,close_to_baseline_run_pass_split,less_shotgun_than_baseline,close_to_baseline_tempo,more_efficient_than_baseline
SEA,3,all_offense,994,73.7109375,77.34375,71.875,75.0,46.875,-0.06669999999999998,0.06669999999999998,-0.2329,-0.029500000000000012,0.0351,0.02729999999999999,0.014100000000000001,more_run_heavy_than_baseline,less_shotgun_than_baseline,slower_than_baseline,more_efficient_than_baseline
SF,1,trailing_two_plus_scores,154,68.7890625,56.25,82.03125,72.91666666666667,70.3125,0.03079999999999994,-0.030799999999999994,-0.10929999999999995,-0.11299999999999999,0.1434,0.048099999999999976,0.03370000000000001,close_to_baseline_run_pass_split,less_shotgun_than_baseline,slower_than_baseline,more_efficient_than_baseline
SF,2,third_down,209,66.89453125,41.015625,100.0,60.416666666666664,93.75,-0.0030000000000000027,0.0030000000000000027,-0.04359999999999997,-0.0731,0.3352,0.10209999999999997,0.00789999999999999,close_to_baseline_run_pass_split,close_to_baseline_shotgun_usage,slower_than_baseline,more_efficient_than_baseline
SF,3,trailing_early_down,285,66.2109375,64.84375,75.0,62.5,39.0625,0.031200000000000006,-0.031200000000000006,-0.14539999999999997,-0.0904,0.0713,0.053200000000000025,0.016699999999999993,close_to_baseline_run_pass_split,less_shotgun_than_baseline,slower_than_baseline,more_efficient_than_baseline
TB,1,trailing_one_score,291,58.671875,30.078125,88.671875,58.333333333333336,92.1875,-0.02290000000000003,0.022899999999999976,-0.015300000000000091,-0.025800000000000003,0.1805,0.055499999999999994,0.007099999999999995,close_to_baseline_run_pass_split,close_to_baseline_shotgun_usage,slower_than_baseline,more_efficient_than_baseline
TB,2,short_yardage,103,57.34375,23.4375,84.375,81.25,85.15625,-0.027200000000000002,0.027200000000000002,-0.08560000000000001,-0.008900000000000019,0.23460000000000003,0.06410000000000005,0.025900000000000006,close_to_baseline_run_pass_split,less_shotgun_than_baseline,close_to_baseline_tempo,more_efficient_than_baseline
TB,3,third_down,227,57.03125,53.90625,55.46875,59.375,50.0,-0.06219999999999992,0.06220000000000003,-0.009800000000000031,-0.03459999999999999,0.0579,0.02949999999999997,0.0050000000000000044,more_run_heavy_than_baseline,close_to_baseline_shotgun_usage,slower_than_baseline,more_efficient_than_baseline
TEN,1,tied_early_down,132,51.015625,46.875,34.375,65.10416666666667,65.625,-0.05130000000000001,0.05130000000000001,-0.037699999999999956,-0.0339,-0.013099999999999999,-0.055400000000000005,0.0002999999999999947,more_run_heavy_than_baseline,close_to_baseline_shotgun_usage,slower_than_baseline,close_to_baseline_efficiency
TEN,2,red_zone,101,50.2734375,45.3125,66.40625,23.958333333333332,46.875,0.08130000000000004,-0.08129999999999998,0.014399999999999968,0.024300000000000002,0.08109999999999999,0.03300000000000003,-0.021500000000000002,more_dropback_heavy_than_baseline,close_to_baseline_shotgun_usage,faster_than_baseline,more_efficient_than_baseline
TEN,3,leading_early_down,113,43.203125,48.4375,28.125,15.625,70.3125,-0.03969999999999996,0.03969999999999996,-0.07110000000000005,-0.035500000000000004,-0.091,-0.0872,-0.05360000000000001,close_to_baseline_run_pass_split,less_shotgun_than_baseline,slower_than_baseline,less_efficient_than_baseline
WAS,1,tied,136,86.953125,95.3125,78.125,86.45833333333333,65.625,-0.1184,0.11840000000000006,0.14870000000000005,0.4505,0.0755,0.07140000000000002,0.03109999999999999,more_run_heavy_than_baseline,more_shotgun_than_baseline,faster_than_baseline,more_efficient_than_baseline
WAS,2,tied_early_down,104,82.36328125,95.3125,66.015625,86.45833333333333,50.0,-0.12330000000000002,0.12329999999999997,0.18259999999999998,0.4378000000000001,0.0257,0.04859999999999998,0.02529999999999999,more_run_heavy_than_baseline,more_shotgun_than_baseline,faster_than_baseline,close_to_baseline_efficiency
WAS,3,red_zone,151,80.68359375,88.28125,80.078125,67.70833333333333,57.8125,-0.10550000000000004,0.10550000000000004,0.13579999999999992,0.48829999999999996,0.076,0.04780000000000001,0.014999999999999993,more_run_heavy_than_baseline,more_shotgun_than_baseline,faster_than_baseline,more_efficient_than_baseline
